,metrics/precision(B),metrics/recall(B),metrics/mAP50(B),metrics/mAP50-95(B),fitness
mean,0.8883567552198549,0.8682926829268294,0.8935473598718137,0.5140449269092939,0.5519951702055459
std,0.026094169351412178,0.023457785441062633,0.026072809518818983,0.03207131893405098,0.031192081943534136
min,0.8628770835007069,0.8414634146341463,0.8498298366360859,0.46305950822275194,0.5017365410640854
max,0.9179194518772995,0.9024390243902439,0.9099513386517879,0.5519311535303882,0.5877279418113391
