,metrics/precision(B),metrics/recall(B),metrics/mAP50(B),metrics/mAP50-95(B),fitness
mean,0.8552380655933381,0.7908908748652447,0.8657647128736358,0.496117570432561,0.5330822846766685
std,0.037860047470719235,0.038082078330030626,0.03750936926824735,0.020513584815986096,0.021738723211177174
min,0.8143204452640006,0.7341772151898734,0.831666761041266,0.4687364832520885,0.5052254775906792
max,0.9048709517671882,0.8354430379746836,0.9224899987062437,0.5169266979773808,0.5568617581302071
