metrics/precision(B),metrics/recall(B),metrics/mAP50(B),metrics/mAP50-95(B),fitness
0.7797061160021971,0.6296222497198736,0.7306368377530422,0.40314898162349566,0.43589776723645035
