metrics/precision(B),metrics/recall(B),metrics/mAP50(B),metrics/mAP50-95(B),fitness
0.7714674577592279,0.6644219977553311,0.7438427125043772,0.41010148911163,0.44347561145090475
