metrics/precision(B),metrics/recall(B),metrics/mAP50(B),metrics/mAP50-95(B),fitness
0.877221324717286,0.6094276094276094,0.7600926462899148,0.47186595142611115,0.5006886209124916
