metrics/precision(B),metrics/recall(B),metrics/mAP50(B),metrics/mAP50-95(B),fitness
0.8953594176524113,0.5521885521885522,0.7393381629782598,0.4721694504960762,0.4988863217442946
