metrics/precision(B),metrics/recall(B),metrics/mAP50(B),metrics/mAP50-95(B),fitness
0.7939095078590648,0.6391694725028059,0.7230933642778177,0.42338326438617957,0.45335427437534337
