metrics/precision(B),metrics/recall(B),metrics/mAP50(B),metrics/mAP50-95(B),fitness
0.7858799413954616,0.7065095398428731,0.7702600112658124,0.4140079135358229,0.4496331233088219
