metrics/precision(B),metrics/recall(B),metrics/mAP50(B),metrics/mAP50-95(B),fitness
0.9015296367112811,0.5291806958473625,0.7291241086524998,0.4886213277359655,0.512671605827619
