metrics/precision(B),metrics/recall(B),metrics/mAP50(B),metrics/mAP50-95(B),fitness
0.8746713409290097,0.5600448933782267,0.7347148778316384,0.50145842229082,0.524784067844902
