metrics/precision(B),metrics/recall(B),metrics/mAP50(B),metrics/mAP50-95(B),fitness
0.9287469287469288,0.42424242424242425,0.6680627870354336,0.4729329047061498,0.4924458929390782
