metrics/precision(B),metrics/recall(B),metrics/mAP50(B),metrics/mAP50-95(B),fitness
0.8124833439374503,0.6610549943883277,0.7247139700434898,0.41520025064908317,0.4461516225885238
